server,op,desc_len,n_params
ai-governance-mcp,check_scope,235,2
ai-governance-mcp,create_adr,211,5
ai-governance-mcp,find_consumers_of,166,1
ai-governance-mcp,find_dependencies_of,80,3
ai-governance-mcp,get_agent_guidelines,138,3
ai-governance-mcp,get_audit_log,242,6
ai-governance-mcp,get_contract_change_policy,66,4
ai-governance-mcp,get_fallback_policy,55,2
ai-governance-mcp,get_final_response_template,49,1
ai-governance-mcp,get_forbidden_actions,68,1
ai-governance-mcp,get_layer_policy,68,1
ai-governance-mcp,get_port_map,137,0
ai-governance-mcp,get_pre_execution_checklist,56,3
ai-governance-mcp,get_service_dependencies,171,1
ai-governance-mcp,get_service_metadata,150,1
ai-governance-mcp,get_service_ownership,201,1
ai-governance-mcp,get_suggestion,51,1
ai-governance-mcp,list_suggestions,111,6
ai-governance-mcp,query_ecosystem_graph,130,9
ai-governance-mcp,search_governance_knowledge,67,2
ai-governance-mcp,status,62,0
ai-governance-mcp,submit_suggestion,299,9
ai-governance-mcp,update_suggestion_status,197,4
ai-governance-mcp,validate_agent_decision,313,9
ai-governance-mcp,validate_lib_change,251,2
ai-governance-mcp,validate_migration,263,1
architecture-mcp,delete_architecture_blueprint,50,1
architecture-mcp,delete_artifact,34,1
architecture-mcp,delete_c4_diagram,39,1
architecture-mcp,delete_solution_blueprint,46,1
architecture-mcp,get_architecture_blueprint,43,1
architecture-mcp,get_artifact,27,1
architecture-mcp,get_c4_diagram,34,1
architecture-mcp,get_solution_blueprint,39,1
architecture-mcp,list_architecture_blueprints,66,2
architecture-mcp,list_artifacts,51,3
architecture-mcp,list_c4_diagrams,61,1
architecture-mcp,list_solution_blueprints,63,2
architecture-mcp,save_architecture_blueprint,74,5
architecture-mcp,save_artifact,75,5
architecture-mcp,save_solution_blueprint,81,5
architecture-mcp,set_c4_diagram,72,6
architecture-mcp,update_architecture_blueprint,69,5
architecture-mcp,update_solution_blueprint,77,4
audit-mcp,get_audit_gate_result,75,2
audit-mcp,get_audit_report,45,3
audit-mcp,get_audit_status,63,2
audit-mcp,get_compliance_checklist,72,3
audit-mcp,get_compliance_policy,49,1
audit-mcp,list_audits,38,4
audit-mcp,run_audit,52,4
audit-mcp,set_service_criticality,41,3
audit-mcp,submit_audit_approval,53,5
backend-mcp,delete_api_contract,54,2
backend-mcp,delete_artifact,44,1
backend-mcp,delete_auth_policy,46,1
backend-mcp,delete_code_review,44,1
backend-mcp,delete_database_schema,41,1
backend-mcp,get_api_contract,47,2
backend-mcp,get_artifact,37,1
backend-mcp,get_auth_policy,41,1
backend-mcp,get_code_review,37,1
backend-mcp,get_database_schema,34,1
backend-mcp,list_api_contracts,58,3
backend-mcp,list_artifacts,61,3
backend-mcp,list_auth_policies,59,2
backend-mcp,list_code_reviews,60,3
backend-mcp,list_database_schemas,58,3
backend-mcp,save_api_contract,84,7
backend-mcp,save_artifact,89,6
backend-mcp,save_auth_policy,76,6
backend-mcp,save_code_review,78,8
backend-mcp,save_database_schema,86,7
backend-mcp,update_database_schema,47,7
config-mcp,audit_env_files,159,3
config-mcp,delete_credential,39,2
config-mcp,get_credential,220,2
config-mcp,get_env_config,68,3
config-mcp,get_physical_info,73,0
config-mcp,get_session_tenant_config,149,0
config-mcp,get_tenant_config,142,2
config-mcp,get_workspace_config,132,1
config-mcp,list_credentials,87,1
config-mcp,list_environments,71,0
config-mcp,list_tenants,75,0
config-mcp,list_workspace_config,135,0
config-mcp,push_env_to_store,112,4
config-mcp,read_env_file,119,2
config-mcp,redact_env_secrets,120,4
config-mcp,set_credential,102,4
config-mcp,set_credential_secure,189,2
config-mcp,set_env_var,58,3
config-mcp,set_tenant_config,151,2
config-mcp,set_workspace_config,148,3
config-mcp,status,62,0
config-mcp,sync_env_file,149,3
deploy-mcp,acr_build,287,5
deploy-mcp,cancel_workflow_run,61,2
deploy-mcp,clone_repo,225,5
deploy-mcp,commit_files,177,6
deploy-mcp,create_branch,133,3
deploy-mcp,create_pr,105,8
deploy-mcp,deploy,321,5
deploy-mcp,ensure_all_repos_healthy,525,6
deploy-mcp,get_deploy_status,148,4
deploy-mcp,get_deployment,47,1
deploy-mcp,get_pipeline_templates,146,0
deploy-mcp,get_pr,99,2
deploy-mcp,get_repos_root,227,1
deploy-mcp,get_workflow_run,152,2
deploy-mcp,list_acr_images,174,2
deploy-mcp,list_branches,68,2
deploy-mcp,list_deploy_events,147,2
deploy-mcp,list_deployments,143,3
deploy-mcp,list_local_repos,269,3
deploy-mcp,list_pr_history,132,2
deploy-mcp,list_prs,60,4
deploy-mcp,list_registered_repos,108,0
deploy-mcp,list_repos,102,3
deploy-mcp,list_workflow_history,133,2
deploy-mcp,list_workflow_runs,96,5
deploy-mcp,merge_pr,118,5
deploy-mcp,scaffold_pipeline,300,4
deploy-mcp,set_repos_root,248,3
deploy-mcp,setup_repo,412,4
deploy-mcp,trigger_workflow,189,4
dev-twin-mcp,authenticate,150,1
dev-twin-mcp,context_status,237,0
dev-twin-mcp,get_twin_context,121,0
dev-twin-mcp,list_tokens,89,2
dev-twin-mcp,refresh_context,116,0
dev-twin-mcp,register_token,143,8
dev-twin-mcp,revoke_token,115,2
dev-twin-mcp,rotate_token,146,2
dev-twin-mcp,status,62,0
dev-twin-mcp,whoami,139,0
devops-mcp,delete_artifact,38,1
devops-mcp,delete_deployment,36,1
devops-mcp,delete_environment,36,1
devops-mcp,delete_pipeline,35,1
devops-mcp,delete_service_config,46,1
devops-mcp,get_artifact,31,1
devops-mcp,get_deployment,29,1
devops-mcp,get_environment,29,1
devops-mcp,get_pipeline,28,1
devops-mcp,get_service_config,41,1
devops-mcp,list_artifacts,55,3
devops-mcp,list_deployments,53,3
devops-mcp,list_environments,51,2
devops-mcp,list_pipelines,51,3
devops-mcp,list_service_configs,66,1
devops-mcp,save_artifact,95,6
devops-mcp,save_deployment,86,7
devops-mcp,save_pipeline,85,4
devops-mcp,set_environment,71,5
devops-mcp,set_service_config,76,3
devops-mcp,update_deployment_status,75,2
devops-mcp,update_pipeline,67,4
devs-agent,analyze,204,2
devs-agent,approve_and_execute,170,3
devs-agent,list_personas,77,0
devs-agent,list_runbooks,75,0
devs-agent,plan,165,6
devs-agent,resume_execution,271,1
docs-mcp,audit_repo,111,2
docs-mcp,check_doc_standards,96,2
docs-mcp,check_links,145,2
docs-mcp,check_required_docs,116,2
docs-mcp,find_stale_docs,122,2
docs-mcp,generate_doc,102,3
docs-mcp,generate_doc_report,117,1
docs-mcp,get_audit_history,113,2
docs-mcp,get_doc_tree,132,1
docs-mcp,lint_markdown,111,1
docs-mcp,list_templates,138,0
docs-mcp,scan_docs,119,3
docs-mcp,search_docs,97,4
docs-mcp,validate_doc,109,2
frontend-mcp,delete_artifact,34,1
frontend-mcp,delete_component,36,1
frontend-mcp,delete_form,36,1
frontend-mcp,delete_page,34,1
frontend-mcp,delete_story,32,1
frontend-mcp,get_artifact,27,1
frontend-mcp,get_component,29,1
frontend-mcp,get_form,29,1
frontend-mcp,get_page,29,1
frontend-mcp,get_story,25,1
frontend-mcp,list_artifacts,51,3
frontend-mcp,list_components,53,3
frontend-mcp,list_forms,53,2
frontend-mcp,list_pages,49,2
frontend-mcp,list_stories,49,2
frontend-mcp,save_artifact,64,5
frontend-mcp,save_component,76,7
frontend-mcp,save_form,75,6
frontend-mcp,save_story,85,6
frontend-mcp,set_page,72,7
frontend-mcp,update_component,88,7
frontend-mcp,update_form,42,6
frontend-mcp,update_story,38,6
infra-mcp,cancel_queued_request,264,2
infra-mcp,cost_estimate_infracost,189,3
infra-mcp,extend_lease,97,2
infra-mcp,get_lease,77,1
infra-mcp,get_lease_ssh_key,300,2
infra-mcp,list_my_leases,51,2
infra-mcp,list_pool,98,0
infra-mcp,policy_scan_checkov,197,3
infra-mcp,query_capacity,164,2
infra-mcp,release_lease,139,2
infra-mcp,request_vm,446,7
infra-mcp,terraform_fmt_check,118,2
infra-mcp,terraform_plan,204,3
infra-mcp,terraform_show_plan,137,2
infra-mcp,terraform_validate,159,1
pipeline-mcp,add_gate_result,216,6
pipeline-mcp,approve_promotion,201,2
pipeline-mcp,block_service,124,3
pipeline-mcp,clear_gates,125,2
pipeline-mcp,get_gate_status,179,2
pipeline-mcp,get_pipeline,118,1
pipeline-mcp,get_pipeline_overview,127,0
pipeline-mcp,get_promotion_history,140,2
pipeline-mcp,list_pipeline,124,2
pipeline-mcp,promote_service,345,5
pipeline-mcp,register_pipeline,128,3
pipeline-mcp,rollback,132,5
pipeline-mcp,set_pipeline_config,194,2
pipeline-mcp,watch_prs,279,1
product-manager-mcp,delete_artifact,34,1
product-manager-mcp,delete_feature_spec,39,1
product-manager-mcp,delete_gtm_brief,35,1
product-manager-mcp,delete_product_vision,35,1
product-manager-mcp,delete_release_plan,42,1
product-manager-mcp,get_artifact,27,1
product-manager-mcp,get_feature_spec,32,1
product-manager-mcp,get_gtm_brief,28,1
product-manager-mcp,get_product_vision,30,1
product-manager-mcp,get_release_plan,35,1
product-manager-mcp,list_artifacts,51,3
product-manager-mcp,list_feature_specs,55,2
product-manager-mcp,list_gtm_briefs,52,2
product-manager-mcp,list_product_visions,68,1
product-manager-mcp,list_release_plans,59,2
product-manager-mcp,save_artifact,69,5
product-manager-mcp,save_feature_spec,75,5
product-manager-mcp,save_gtm_brief,80,4
product-manager-mcp,save_release_plan,78,3
product-manager-mcp,set_product_vision,84,5
product-manager-mcp,update_feature_spec,81,5
product-manager-mcp,update_gtm_brief,72,4
product-manager-mcp,update_release_plan,65,3
product-owner-mcp,delete_backlog_item,41,1
product-owner-mcp,delete_mvp_scope,43,1
product-owner-mcp,delete_po_artifact,40,1
product-owner-mcp,delete_product_vision,35,1
product-owner-mcp,delete_user_persona,34,1
product-owner-mcp,delete_user_story,37,1
product-owner-mcp,get_backlog_item,34,1
product-owner-mcp,get_mvp_scope,38,1
product-owner-mcp,get_po_artifact,33,1
product-owner-mcp,get_product_vision,30,1
product-owner-mcp,get_user_persona,27,1
product-owner-mcp,get_user_story,30,1
product-owner-mcp,list_backlog_items,85,2
product-owner-mcp,list_mvp_scopes,65,1
product-owner-mcp,list_po_artifacts,57,3
product-owner-mcp,list_product_visions,68,1
product-owner-mcp,list_user_personas,50,2
product-owner-mcp,list_user_stories,54,3
product-owner-mcp,save_backlog_item,85,8
product-owner-mcp,save_po_artifact,60,4
product-owner-mcp,save_user_persona,54,6
product-owner-mcp,save_user_story,73,8
product-owner-mcp,set_mvp_scope,70,4
product-owner-mcp,set_product_vision,63,5
product-owner-mcp,update_backlog_item,47,8
product-owner-mcp,update_user_persona,40,6
product-owner-mcp,update_user_story,43,8
qa-engineer-mcp,delete_artifact,34,1
qa-engineer-mcp,delete_bug_report,29,1
qa-engineer-mcp,delete_quality_gate,42,1
qa-engineer-mcp,delete_test_case,39,1
qa-engineer-mcp,delete_test_plan,40,1
qa-engineer-mcp,get_artifact,27,1
qa-engineer-mcp,get_bug_report,22,1
qa-engineer-mcp,get_quality_gate,37,1
qa-engineer-mcp,get_test_case,32,1
qa-engineer-mcp,get_test_plan,33,1
qa-engineer-mcp,list_artifacts,51,3
qa-engineer-mcp,list_bug_reports,46,2
qa-engineer-mcp,list_quality_gates,64,1
qa-engineer-mcp,list_test_cases,56,3
qa-engineer-mcp,list_test_plans,57,2
qa-engineer-mcp,save_artifact,66,5
qa-engineer-mcp,save_bug_report,78,8
qa-engineer-mcp,save_test_case,77,9
qa-engineer-mcp,save_test_plan,76,5
qa-engineer-mcp,set_quality_gate,74,3
qa-engineer-mcp,update_bug_status,59,2
qa-engineer-mcp,update_test_case,45,9
qa-engineer-mcp,update_test_plan,74,5
qa-mcp,analyze_complexity,116,2
qa-mcp,check_accessibility,126,2
qa-mcp,check_dependencies,133,1
qa-mcp,generate_qa_report,138,2
qa-mcp,generate_test_matrix,117,2
qa-mcp,get_coverage_report,97,2
qa-mcp,run_api_tests,132,3
qa-mcp,run_e2e_tests,103,5
qa-mcp,run_linter,112,3
qa-mcp,run_security_scan,103,2
qa-mcp,run_type_check,90,2
qa-mcp,run_unit_tests,94,5
qa-mcp,screenshot_page,121,4
qa-mcp,status,62,0
qa-mcp,visual_regression,108,5
security-mcp,delete_cvss_assessment,41,1
security-mcp,delete_security_artifact,47,1
security-mcp,delete_security_control,71,2
security-mcp,delete_threat_model,43,1
security-mcp,get_cvss_assessment,34,1
security-mcp,get_security_artifact,40,1
security-mcp,get_security_control,64,2
security-mcp,get_threat_model,36,1
security-mcp,list_cvss_assessments,57,2
security-mcp,list_security_artifacts,64,3
security-mcp,list_security_controls,64,2
security-mcp,list_threat_models,60,2
security-mcp,save_cvss_assessment,87,6
security-mcp,save_security_artifact,70,4
security-mcp,save_threat_model,79,7
security-mcp,set_security_control,72,7
security-mcp,update_threat_model,49,7
services-mcp,audit_env_files,368,3
services-mcp,check_all_health,132,1
services-mcp,check_health,111,2
services-mcp,find_by_port,51,1
services-mcp,get_gateway_map,320,0
services-mcp,get_port_map,114,0
services-mcp,get_service,40,1
services-mcp,get_service_logs,323,5
services-mcp,kafka_status,219,1
services-mcp,launch_service,336,18
services-mcp,list_environments,100,0
services-mcp,list_services,102,6
services-mcp,read_env_file,99,2
services-mcp,redact_env_secrets,255,4
services-mcp,redis_status,172,1
services-mcp,register_infra,230,8
services-mcp,register_service,144,14
services-mcp,reload_service,325,3
services-mcp,scan_docker,112,1
services-mcp,scan_infra,281,2
services-mcp,scan_processes,89,1
services-mcp,search_logs,236,4
services-mcp,service_status,105,2
services-mcp,set_env_var,170,5
services-mcp,stop_service,179,3
services-mcp,sync_broker_urls,301,2
services-mcp,sync_infra_env,421,3
services-mcp,sync_registry,315,5
services-mcp,sync_service_urls,337,4
services-mcp,unregister_service,30,1
services-mcp,update_service,92,10
services-mcp,update_service_gateway,254,6
session-mcp,accept_suggestion,110,5
session-mcp,add_artifact,134,3
session-mcp,add_service_dependency,124,4
session-mcp,add_task,103,5
session-mcp,approve_task,109,5
session-mcp,cancel_task,93,3
session-mcp,complete_task,116,4
session-mcp,confirm_branch_created,103,2
session-mcp,defer_suggestion,65,3
session-mcp,end_session,95,4
session-mcp,fail_task,104,3
session-mcp,get_decision,51,1
session-mcp,get_session,92,1
session-mcp,get_suggestion,52,1
session-mcp,get_task,49,1
session-mcp,list_decisions,145,7
session-mcp,list_service_dependencies,49,1
session-mcp,list_sessions,106,3
session-mcp,list_suggestions,103,4
session-mcp,list_tasks,142,2
session-mcp,reject_suggestion,62,3
session-mcp,remove_service_dependency,53,2
session-mcp,resume_session,106,1
session-mcp,save_checkpoint,125,3
session-mcp,start_session,143,4
session-mcp,start_task,71,1
session-mcp,submit_suggestion,123,8
session-mcp,supersede_suggestion,81,4
session-mcp,update_session,84,3
test-mcp,add_bug,335,5
test-mcp,add_scenario,63,7
test-mcp,check_item,78,4
test-mcp,create_checklist,170,5
test-mcp,create_test_plan,111,3
test-mcp,double_check,146,1
test-mcp,generate_scenarios,208,3
test-mcp,get_test_plan,75,2
test-mcp,get_validation_status,128,1
test-mcp,list_test_plans,58,2
test-mcp,record_result,56,6
test-mcp,run_checklist,91,2
